{
  "timestamp": "2025-09-07T11:24:21.760407",
  "performance": {
    "wallpaper_visit": {
      "count": 1,
      "avg_time": 22.094621658325195,
      "min_time": 22.094621658325195,
      "max_time": 22.094621658325195,
      "total_time": 22.094621658325195
    },
    "total_execution": {
      "count": 1,
      "avg_time": 22.130821704864502,
      "min_time": 22.130821704864502,
      "max_time": 22.130821704864502,
      "total_time": 22.130821704864502
    }
  }
}