{
  "timestamp": "2025-09-06T17:05:44.619107",
  "performance": {
    "total_execution": {
      "count": 1,
      "avg_time": 41.839672565460205,
      "min_time": 41.839672565460205,
      "max_time": 41.839672565460205,
      "total_time": 41.839672565460205
    }
  }
}